,0
0,-0.008418446083683584
1,-0.09112678018468523
2,0.017252087779239502
3,0.005792932289093532
4,-0.056802871241201515
5,0.0028763708395276822
6,0.04653117055996946
7,-0.03473929208592263
8,0.06321654017395327
9,-0.06774590867350976
10,0.012423888753012967
11,-0.0942720801960916
12,0.054187381126501635
13,-0.07746338581725762
14,0.04727349296235182
15,0.03248649372528551
16,0.008469501071520884
17,0.012823686545364194
18,0.0858306390522322
19,-0.028818102814265768
20,0.08317836239280596
21,0.11827969904450418
22,-0.021122941787052485
23,-0.03484320800525034
24,-0.08317212952482243
25,0.034175444151746136
26,-0.002521147254649593
27,-0.03507859418318951
28,0.026003424296594756
29,0.01696891723943982
30,0.027673224987791102
31,0.017016415099395745
32,0.05733585812360269
33,-0.06176348703717628
34,-0.07563763037898218
35,0.11744109210182131
36,0.10390535646994846
37,-0.06038902099558819
38,0.07962419648254312
39,-0.027662816055664084
40,-0.028277550197617476
41,0.019910391495501986
42,0.02409373414229198
43,0.04747662814191351
44,-0.029751132319097314
45,0.12556651148188377
46,-0.028386327898804554
47,-0.007137482204678439
48,-0.09775618720246215
49,-0.11223074540224395
50,-0.03165185960960723
51,0.05372088402403753
52,0.07730136317842205
53,0.14928374927792207
54,-0.009913144003049448
55,-0.13840827933589375
56,0.01308565149782496
57,-0.0023520611528372597
58,0.044229445631763224
59,0.09243530869116802
60,-0.057014854161976256
61,-0.02202378313817368
62,0.0971005482694746
63,0.05684279074223167
64,-0.037772221449076056
65,0.06059124084876209
66,-0.11783043540968983
67,-0.08191637398687826
68,-1.628369345767771e-06
69,0.050209821389510315
70,0.05392381530280003
71,-0.019711668803976293
72,-0.1540656831092135
73,0.00800823395912194
74,0.005727946855196001
75,0.09322732756273366
76,0.01329764002537035
77,-0.025709515273265458
78,-0.05837744247584388
79,0.04055105865815064
80,0.030016969719027693
81,-0.07893716172031282
82,-0.14634953861206
83,0.05587195488710806
84,0.023418947112375042
85,-0.01698517434212174
86,-0.024156588028756656
87,0.014940600295922611
88,-0.027031125832672823
89,0.011087030560011776
90,-0.03751900781908251
91,-0.05394599726006484
92,0.06582128363439267
93,-0.10577585967377297
94,0.09349074607296522
95,0.021203666724135907
96,-0.03746795601980697
97,0.13722455266132236
98,-0.06280450890759302
99,-0.030967116551305886
100,-0.0545457019435272
101,-0.10224251956449723
102,-0.0842950296480929
103,0.023028297323875277
104,-0.033179139006228806
105,0.09979252215930692
106,-0.02389834294752485
107,0.048807141375619124
108,0.02085794493684307
109,0.048535584824831064
110,0.06451507195347254
111,0.0413786975629619
112,-0.10201723621874671
113,-0.030876216065359643
114,0.03399176030199816
115,0.07161249543599756
116,-0.11539869671937143
117,-0.03588797812657115
118,-0.07918902603128417
119,0.0062575175522566
120,-0.07156167812410548
121,-0.12073139865099043
122,0.0016587989243385458
123,-0.005010985522923117
124,0.06827093250754922
125,0.01641488923468208
126,-0.06166772769106664
127,-0.1217147098972572
128,-0.03339117454273361
129,-0.06084290102225623
130,0.05838306313892097
131,-0.031525814140902116
132,-0.026575458457920902
133,-0.10736270100748312
134,-0.03409491643480017
135,0.05573014080673328
136,0.11483302508145203
137,-0.06475395526415612
138,-0.01195748968815932
139,0.06958024513887115
140,-0.06639804486821266
141,0.09100892783511233
142,0.05192369549635727
143,-0.013911377625140891
144,0.04078327383219585
145,-0.09140338095500236
146,-0.05545604473593527
147,-0.06708088212252096
148,-0.02069863153544647
149,-0.008343383322642183
150,-0.0278386785022932
151,-0.03369746967311573
152,-0.013781521460243614
153,0.029029272196738547
154,-0.11494155529697979
155,0.06887621352230203
156,-0.05974492239279889
157,-0.01459681213643785
158,-0.045198581685400294
159,-0.047342719323070534
160,0.00463343026396888
161,0.09145839208669745
162,0.1474016424531395
163,0.03994144832577799
164,-0.013840280716226417
165,-0.09113530781783626
166,-0.03254519814275955
167,-0.04933504741804096
168,0.04787826205006458
169,-0.03463218925849409
170,0.0016151292525190765
171,0.09774785211016103
172,-0.14959792668939606
173,-0.01721428152305749
174,-0.033931092221616437
175,0.01559414750987526
176,-0.04088066108365265
177,-0.04330899867390713
178,-0.05355641625075935
179,0.12341498837180157
180,-0.03908866998345608
181,0.09016303869065125
182,0.044848999200464756
183,0.04448369524792435
184,-0.006331614670749616
185,-0.03861360189564349
186,-0.08404725429661535
187,-0.0010360356005214726
188,-0.05576405574587063
189,0.06436045827067985
190,0.07663853226162325
191,0.08942551166784561
192,0.08145096167343611
193,0.06285760383916981
194,-0.06152119608430344
195,0.08340757748546666
196,-0.025065307024289142
197,-0.028709460054655408
198,-0.10710020746573226
199,-0.09029051465503939
200,-0.02585932891340718
201,-0.021312311315633867
202,0.00044406949206658844
203,-0.09843983761828783
204,-0.020931623477243255
205,0.02699362018629546
206,0.010588272942495973
207,0.0016131063834320984
208,0.06344379094197099
209,-0.10974742175472349
210,-0.12374146126759764
211,0.017003842405802008
212,0.008554658236449438
213,-0.011544274251313753
214,-0.0294154111443907
215,0.07020722307607996
216,-0.019309723912669677
217,0.04740033338551856
218,0.03080049806732921
219,0.029854964307469967
220,0.020424701097802686
221,-0.06436295880019928
222,0.06505918174192137
223,-0.007595539114024748
224,0.08782451917096401
225,-0.11729672350314829
226,0.0687160058084736
227,0.04395269286547597
228,0.05961057291666101
229,0.14834052395880679
230,-0.03520359471193839
231,-0.005015217771932543
232,-0.01703800680053611
233,0.05925637116402404
234,-0.021331651848244315
235,0.01783504191869963
236,0.08847797639916817
237,-0.01605184156400737
238,0.05850733007317317
239,-0.03197079480094008
240,-0.01696013644429021
241,-0.06756611820794563
242,-0.007598706345590877
243,0.042897416717142665
244,-0.023255635569070756
245,-0.004959259702002483
246,0.062134311452022
247,0.02156986901753282
248,0.017274850047139738
249,-0.05621903378804819
250,-0.01644146390248498
251,-0.054405553126761784
252,-0.024951431023628044
253,-0.02401328141995626
254,-0.012894289091052552
255,0.05711755048621421
256,-0.09230483618954026
257,0.05351405609699758
258,0.0369356277254775
259,0.042231094346579214
260,0.03160621618745181
261,0.10850389829300291
262,0.04038968261719478
263,0.04643382239507554
264,0.016462535303430444
265,0.05793817302163529
266,-0.07746358156155016
267,-0.03167847882883669
268,-0.00897060269087935
269,-0.1149325758409774
270,0.057561513635016416
271,-0.0023519264248874016
272,0.07571883176970144
273,-0.11578501124574471
274,-0.016330840997221388
275,-0.020513218326413833
276,-0.01248675394932293
277,0.012258746442851444
278,-0.05295109063017023
279,0.06279333364668217
280,0.04630573840883735
281,-0.08873381459835646
282,-0.03472198932254012
283,0.08530285996707682
284,0.006659543249618853
285,0.03407342791498902
286,-0.09767488575632877
287,0.03153109200881543
288,-0.1208838790846456
289,0.06015622716599157
290,0.03330450293251129
291,-0.029830337102373407
292,0.03838980656686793
293,-0.02727913289842967
294,-0.010533614444705963
295,-0.000876471535487823
296,0.06039590927234765
297,0.011475715362319993
298,-0.06940249436549839
299,-0.019759099833043876
300,0.05073239661144264
301,-0.10014532965725331
302,0.01850856299826533
303,0.013111113047361024
304,-0.0438749024421708
305,-0.09510757809427277
306,-0.05460840461472764
307,0.05315215086529379
308,-0.02337847912268821
309,-0.03604187097351378
310,-0.05470085318389582
311,0.020337389081386388
312,-0.06007474674510978
313,0.03904734895475582
314,-0.05163062256230613
315,0.007308838696130408
316,-0.045290778894346975
317,-0.034661588542103584
318,0.01081521016126875
319,-0.015289180103453506
320,-0.09613374863795779
321,-0.09419926143398899
322,0.04097235755220192
323,0.04559386199499692
324,0.0011305144022649807
325,0.08106688325654249
326,0.050324530523324446
327,-0.04210001773473452
328,-0.22069464028979097
329,-0.024036468116353675
330,0.008017321286572999
331,-0.027475466615811482
332,0.05455020901552003
333,0.15460193749409223
334,0.01845842876282422
335,0.0018012291201526666
336,0.03539625510685862
337,-0.11241604015635141
338,-0.10090813358619032
339,0.06857281267067344
340,0.09577870154214863
341,0.013229402948104233
342,0.0931690952440577
343,-0.09617982516068777
344,-0.060698975974359554
345,-0.034416363278309964
346,0.033326118704718403
347,-0.0001246071642752434
348,0.0432795043934398
349,-0.06916127231174837
350,-0.059259449335667236
351,-0.012517949596007504
352,0.026307589258570657
353,-0.06488652496326196
354,-0.1746951376124697
355,-0.08881680609761164
356,-0.0139439389615284
357,0.043091280084793786
358,-0.08503216227162141
359,-0.15811256519301403
360,0.05888772325542631
361,0.11785731609535918
362,-0.018645069925233404
363,-0.04524198125203059
364,0.06857846370441611
365,0.029989187703748827
366,-0.005597346604131576
367,-0.001963419238730743
368,0.026554841390916323
369,0.06753551269049397
370,0.04427535341977889
371,0.016397905928901342
372,0.03466191840636365
373,-0.013390359913865087
374,-0.0091907969908993
375,0.011184766388282173
376,0.02008077256876929
377,-0.010020645836668245
378,-0.037327993828949114
379,0.0021035509656620833
380,-0.03979446238664437
381,0.020995744530170703
382,-0.03477509769150835
383,0.06307536185619397
384,0.021147615299966442
385,0.048979252678085096
386,0.00271867748527398
387,-0.06255193399429758
388,0.008453168202988356
389,0.10592523730642625
390,-0.014519169612288453
391,0.03308345851516054
392,0.08074158375704793
393,-0.09766542875350605
394,-0.07834838993563302
395,0.026404099702339597
396,-0.008224230563796965
397,-0.07728447459294702
398,0.16615993725115039
399,-0.033503016992622564
400,-0.023722368241237964
401,-0.09461932506243637
402,-0.11648698472284613
403,0.02182091027484902
404,0.08260586009340426
405,0.0699507741160945
406,0.012169040906431023
407,-0.09223321696827327
408,-0.00871530141142047
409,-0.0047129928026907715
410,-0.12600096416146217
411,-0.08867486963862894
412,0.0007850380756362807
413,0.011133534643181894
414,0.041863664048893204
415,0.13498993243668173
416,-0.09371652306049434
417,-0.017776097951133975
418,-0.06945229961275098
419,0.06735203144116535
420,-0.04013655407215482
421,-0.08543398387341228
422,-0.07340929036995521
423,0.02676024390595177
424,-0.002688858963190208
425,-0.048824047132350924
426,-0.0358870985197897
427,-0.0034717660095843757
428,-0.03130284807421331
429,-0.018511663132696372
430,0.0796947780708548
431,-0.11042465695745166
432,0.03294283528185446
433,0.012149644833661056
434,-0.05337883077036006
435,0.0432553259146127
436,0.036500178167638425
437,-0.0077469093492537585
438,-0.09938504935704279
439,0.005620039950696412
440,0.04496710554894996
441,0.1178782092575915
442,0.009261715500679944
443,0.0018706643044154184
444,-0.017846047972518188
445,-0.016907397654201857
446,-0.07310421744413037
447,-0.06859267014112962
448,0.07849431759161514
449,0.05941517529905237
450,-0.08468161451772425
451,0.008108796045633823
452,-0.06470135421294146
453,-0.07280674945182691
454,-0.0552767215204222
455,-0.02053548188647458
456,-0.09822000064256746
457,0.029584996026279023
458,-0.01747951132222176
459,-0.0693763102445987
460,-0.03318540698261714
461,-0.05067557756400651
462,-0.05092606824083625
463,-0.09546441829242636
464,-0.028213125992456727
465,-0.050767266315990364
466,-0.10093494238437452
467,-0.004486794914365384
468,0.05702007927361668
469,0.10737867371949274
470,0.07493796064650694
471,-0.02710272471536256
472,-0.009769205172156915
473,0.07099937951020949
474,-0.056825113759079955
475,-0.09901411913745672
476,-0.0232944898990228
477,0.033668560471942104
478,0.0505288241747771
479,-0.06444053200123141
480,-0.048894545162478834
481,0.0820803666129697
482,0.047604182443039864
483,0.04331844325200128
484,0.029299685772751518
485,0.0005228420592562089
486,0.011551068117981327
487,-0.056746674140852715
488,0.01759073267149445
489,-0.04953358495070221
490,0.013548254347311486
491,-0.07614258523689678
492,-0.007291287125478458
493,-0.008138146925688422
494,0.0406486916637467
495,0.035867025748959364
496,-0.09207917140652215
497,-0.0009994010047678825
498,0.026954674382494985
499,-0.05919660126966238
500,-0.030552136634950686
501,-0.0566605819845303
502,0.03589686772352377
503,-0.004683582262593063
504,-0.04205304958103869
505,-0.06345378916396903
506,0.03928061411819643
507,0.01554490230596538
508,-0.12170465228132465
509,-0.06649374028483283
510,-0.019559506579274043
511,0.08468483118903132
512,0.05257753303026624
513,0.032817933060166865
514,-0.0971731203131419
515,0.0400681251095453
516,0.11877912858812889
517,0.06646703186775581
518,-0.034342439692447296
519,-0.0589936668173053
520,-0.025420630871089644
521,-0.07068551748104648
522,-0.04730101544711918
523,-0.042693668009707586
524,0.003713000250607911
525,-0.03465062349733807
526,0.06558248493213298
527,-0.07387211057383415
528,-0.022967462484556382
529,-0.10317275458058175
530,0.04908519659774228
531,0.006191733017594729
532,0.03377185987364709
533,0.08865577899677558
534,-0.027096100608759954
535,-0.015722994936049468
536,-0.03327924976058901
537,-0.17500295533421154
538,-0.033454170915611765
539,0.011791001838030177
540,-0.03373461451260682
541,-0.08072611464388553
542,0.01574715384008243
543,-0.10046986213036477
544,-0.016917672077706582
545,-0.04086129516111029
546,-0.0647850619950471
547,0.013285515659182179
548,-0.037130825857381054
549,0.015501108721385801
550,0.05911075125622622
551,0.08878318561349528
552,0.013870468028884196
553,-0.06448620721087364
554,0.13125976636570905
555,0.05137454858968705
556,0.06741968556499951
557,0.058432727969006566
558,-0.01830144332499395
559,0.0013237370247953357
560,0.017072333394902738
561,0.14398702740681565
562,0.048162530735780335
563,-0.005244845361244409
564,0.07470579695586793
565,0.00045670926643425565
566,0.011201789720320838
567,-0.014731893854970922
568,-0.08015117488337693
569,0.006338316630267371
570,0.03591362342801808
571,0.0882738367307523
572,0.01007046939047563
573,0.06329934793639343
574,0.006520908676084762
575,0.02461350548310479
576,-0.02405860092180019
577,-0.08729634576559324
578,0.04525829831541789
579,0.012974310049329243
580,0.1228238189095827
581,0.02047195067001419
582,0.05377198008099707
583,-0.041380586324924425
584,-0.05682498870452181
585,-0.06563320526705703
586,-0.03620723655698908
587,0.20801115854508576
588,0.021342723157348278
589,-0.013440658590634234
590,0.011212401768846726
591,0.013056940060451248
592,0.01551865384289358
593,0.07054464869562574
594,-0.07643473013685481
595,0.09227828013354446
596,0.05690727780292937
597,-0.04649075790925861
598,-0.08207696424718867
599,0.15661824359529866
600,-0.036732564795879045
601,0.10127407424593132
602,0.06587683916003609
603,0.05527717760917924
604,0.12384240623067062
605,-0.051869325651556455
606,0.03715814990116482
607,0.02697975710885315
608,0.0394958073352941
609,0.002785331773767794
610,-0.08675090554535897
611,-0.024086943102299842
612,-0.05078238213207253
613,0.10335859415658014
614,-0.07274135385802276
615,-0.029834670925754005
616,0.06733259312589686
617,0.018979346863579067
618,0.0783272627874165
619,0.10262849708318762
620,-0.016380069596025004
621,-0.1026590690789045
622,0.09302147682534406
623,0.08317077574295911
624,-0.06916165827402745
625,0.03282084113089157
626,0.02069759455303714
627,-0.12379496687291089
628,0.02284127732752439
629,0.03486451777493039
630,-0.0027134102575450485
631,0.0028327179935003885
632,-0.11791502295803764
633,-0.13077336104765463
634,0.011482572729846647
635,-0.04400535670028705
636,-0.0018351834525853622
637,-0.006392938110509859
638,0.05142156885086426
639,-0.04025321724290364
640,0.07553418784357588
641,0.035073298147790935
642,0.04925398765216528
643,-0.039573458780762634
644,-0.06618364513152152
645,0.06261308033319352
646,0.06046623943241991
647,0.03181903842477948
648,-0.12521841725027139
649,-0.02703991111071887
650,-0.024190519696092188
651,0.0012230228553778478
652,0.031520754845332365
653,0.004817267146249538
654,-0.05221567074516498
655,-0.03165244045347544
656,-0.03204641881849249
657,-0.016578322489738128
658,-0.09127276355292573
659,-0.1556318517778522
660,-0.025395760352722167
661,0.051390114646907334
662,-0.01741857164870338
663,0.02188391686446643
664,0.015235188859437306
665,-0.05442358831396949
666,-0.05195997779602572
667,0.0017071419024496895
668,0.02422696603315226
669,0.05498997056815717
670,0.052093989535466366
671,-0.04718250421517971
672,-0.03226172291911847
673,0.04379260985155938
674,-0.020643937132204634
675,-0.0710501476400239
676,-0.03497923788812189
677,-0.001346882620200906
678,0.14911346310959636
679,0.017688813025218995
680,0.05232162730589816
681,0.0937167155619677
682,0.08799240419951647
683,0.0234630234703513
684,0.005672692255082823
685,-0.06207775523296896
686,-0.06627262035194072
687,-0.031181831196762412
688,-0.022001024361027834
689,0.0021216289478305163
690,-0.04472549111622812
691,0.09331925788864325
692,0.043760041081039106
693,-0.03589836394553454
694,-0.07637085495870682
695,-0.03314323361686375
696,-0.04684164039581682
697,-0.08065877040019573
698,-0.0805342357464978
699,-0.07877688422558107
700,-0.06660485053627312
701,0.11533318354680401
702,0.01490405053684433
703,0.05182886580432152
704,0.012330974748802292
705,-0.0790484182115357
706,-0.02101818297411267
707,-0.06656042362538796
708,-0.012091444234771003
709,-0.1009408830467433
710,-0.07605344018220087
711,-0.025864423333886728
712,0.04725830369470918
713,0.18876793598885533
714,-0.03569613915959897
715,-0.04328838493410989
716,0.10939231635072945
717,0.03662941833702325
718,0.03560424455985974
719,0.10649406928942727
720,-0.029715978954728106
721,-0.05451802446736069
722,0.02323886653932743
723,0.07422850501495162
724,-0.022091695942711525
725,0.09041466859809917
726,0.02673108769873058
727,0.005703416975436862
728,0.029188979215482122
729,0.048193881844800814
730,0.006851520554785034
731,-0.056490299426776275
732,0.021661234707234796
733,-0.0044409251776101
734,0.07679436628514986
735,0.03989088376895249
736,0.04684038151625384
737,0.0832470681797134
738,0.004276307636975867
739,0.0671669693015755
740,0.011989727737926949
741,0.06295733803643142
742,0.011106601493682308
743,-0.02392328477049225
744,-0.0485319375564691
745,-0.022529121848225798
746,-0.0026937513042262855
747,0.12659217248401416
748,0.02404929568895514
749,-0.012508846837619403
750,0.01451622070061151
751,0.04081667492110985
752,-0.07063067329276622
753,0.1671488380958043
754,-0.029593283259011484
755,0.04610246330832143
756,-0.12137261213010705
757,-0.023211136040180394
758,-0.04247701934075956
759,0.13901428877239305
760,0.04418465667947918
761,-0.03738566096571842
762,-0.08699317021540579
763,0.06605270521836605
764,-0.0720768695681266
765,-0.092893562994273
766,0.010914563492673057
767,-0.053328399918590015
768,0.018911791148373016
769,-0.04008774163216086
770,-0.005062749706501546
771,0.022940756531008317
772,-0.039118364272841974
773,0.00676196926117416
774,0.028063513760003315
775,0.05233767463292351
776,-0.020274672336079293
777,-0.053786090785152764
778,0.017849578436022594
779,-0.0524984458054657
780,-0.005247904766085158
781,0.015561318447512493
782,-0.0476134369217213
783,0.03929192181933492
784,-0.08730077166398673
785,0.050021297374350626
786,0.05607528741117625
787,0.016943215957671672
788,0.029485837013133127
789,0.0272072114593694
790,0.03628523478794497
791,0.09414799371758478
792,0.029345785490486564
793,0.014552386159936781
794,0.008639177153063657
795,0.017678504232065257
796,-0.011686384550498525
797,-0.07195362737230601
798,-0.1019092955130542
799,0.04744354784471581
800,-0.04562323416487014
801,0.054730896490126565
802,-0.07029440080068738
803,-0.05519491368588661
804,-0.0592576828953244
805,-0.04353258038262336
806,-0.07284682552837825
807,0.05734445934612869
808,-0.06591867011611288
809,-0.029063766938309466
810,-0.09512936521953198
811,0.07297679395479373
812,-0.08648843917029204
813,0.013567404901823074
814,0.12279279743533134
815,0.01085058855685728
816,0.04276225308446077
817,0.07936682761613481
818,-0.0076750541049802395
819,-0.08601129704563489
820,-0.05230789081213502
821,0.06304164720554126
822,-0.06544291880906582
823,-0.13454839302169985
824,-0.00656160977709885
825,-0.011969373710284325
826,0.0025170111375508383
827,0.008369346825278056
828,0.009519338921257881
829,-0.031048106037404818
830,0.06143748887634721
831,0.005128277599125328
832,-0.15433029914247862
833,-0.03658056404406998
834,-0.00047149878996716773
835,0.16389427828095118
836,0.09406418452059595
837,-0.12468331665651966
838,0.04154088140344456
839,0.048715957575106626
840,0.10559447238663154
841,-0.08637913816588504
842,-0.1069509562053532
843,-0.06063192676779729
844,-0.0323241528259184
845,0.07024225562817084
846,-0.03870752981889942
847,-0.03404289492111064
848,0.16582564082808002
849,-0.11879697797869966
850,0.021208156209960964
851,-0.009766913981574305
852,0.019946242035173204
853,0.049932420450456316
854,0.028001968146997683
855,-0.023377652190791718
856,0.13461359950321375
857,0.15584659126640768
858,-0.021234429844684242
859,-0.014846470152879153
860,-0.0820704242374256
861,0.04374192746696456
862,0.03040320868811667
863,0.09778091424690989
864,-0.03704969759576218
865,-0.03517068002970907
866,-0.07799857907913683
867,0.014853810070333767
868,-0.030105883187228108
869,0.11725055833946163
870,-0.07445828086150795
871,0.006128549741435174
872,-0.11978186339101236
873,-0.02072815292128955
874,0.04023962514603908
875,-0.030826404372853694
876,-0.13084524597916683
877,-0.1472739108092918
878,0.0459599948267781
879,-0.040616876478847576
880,0.06330415557607082
881,0.019875123459233413
882,-0.04404045142718876
883,-0.06523400209039915
884,-0.06615135543532996
885,-0.10668261092007005
886,-0.07720615519332452
887,0.03538899111557899
888,-0.04545087373574272
889,-0.06664523255575491
890,0.051083396257524796
891,-0.0724804070385601
892,-0.025006610312011616
893,-0.02679533396671983
894,0.006145679052135505
895,-0.03777226722214603
896,-0.10922809380417946
897,0.031085593989371194
898,0.022794411817250313
899,-0.04855120502755463
900,0.07245206645304884
901,0.06789868849273464
902,-0.04023942188729857
903,0.02521205758200217
904,0.06970539052734959
905,-0.03470801469809077
906,0.011915107952528505
907,-0.04418336854838999
908,-0.047252533452288026
909,0.059458273299863244
910,-0.01815494386842224
911,0.12380595724579566
912,0.02701421599866409
913,0.15434669394379183
914,0.06529353362826462
915,0.015013702657173179
916,0.025877134958217876
917,0.021863748081109618
918,-0.04831189125387166
919,-0.12340897886721243
920,0.09079953224484023
921,0.03075767473588536
922,-0.06815927561964763
923,0.03214755368559247
924,-0.03825169037167873
925,-0.05165299211975642
926,-0.12794086609209085
927,0.052760109757549155
928,0.005980655117883367
929,-0.025594411084144904
930,0.07583725101654393
931,0.03500436241000447
932,-0.0036637525304522886
933,-0.10965780465812082
934,-0.016526569846574753
935,-0.05322313154361192
936,0.011990677316196009
937,0.050887776235641904
938,-0.06718964171250132
939,-0.04570837190331916
940,0.021202348566571005
941,0.057985724186011826
942,-0.04625661226478944
943,0.01478009930119784
944,0.04965449465327875
945,-0.0731755406722918
946,-0.005202808605391437
947,0.15599415073473716
948,0.10641947521532509
949,0.08014581654833462
950,0.07825544373618651
951,-0.003109834760119678
952,0.05192051202520123
953,0.03469325585556172
954,-0.08571746284314655
955,0.1508095469779867
956,0.06558728219955513
957,0.14001753712074233
958,0.11017506990639633
959,0.027276086182945074
960,0.025628989996393993
961,-0.04862867382068798
962,0.03795019931837577
963,-0.052429956860580565
964,0.044799807942889375
965,0.0455569308592136
966,0.049132663493627105
967,-0.06990234461251298
968,-0.026899119464012685
969,0.019274986335986125
970,-0.03417427478387592
971,-0.03486979102271628
972,-0.02527156633792058
973,0.05624797397263865
974,0.07730127943878545
975,0.01597211705583761
976,-0.0756833528040589
977,0.020790945723826504
978,0.12021359574265024
979,0.07454237166779923
980,-0.09633736044448098
981,0.008695575070968022
982,-0.0771196033776738
983,-0.03354780324996892
984,-0.060094186433212106
985,0.044204023425350125
986,0.0036846053470722096
987,0.14256176259564396
988,-0.09972238747124852
989,0.057624103013442216
990,-0.05365807118184627
991,0.005532128551936128
992,0.011119709869270362
993,-0.044812635133775536
994,-0.030719500765220915
995,-0.011986608701474015
996,0.041153774315302434
997,-0.031971462011671836
998,0.04856588982546786
999,0.06520424117035571
1000,-0.05748775524368312
1001,0.01911173234540184
1002,-0.06993845050132626
1003,-0.005058795777764046
1004,-0.037344366095406284
1005,-0.004356351257112584
1006,0.024266414335691103
1007,0.049859832175369295
1008,-0.014416861744904117
1009,-0.055300376446385344
1010,0.08709427295687139
1011,0.08752376279839438
1012,0.0024019255349738587
1013,-0.00471469497246095
1014,0.02077660802681153
1015,0.05367748291297143
1016,0.0727181817239956
1017,-0.08756377220368979
1018,-0.010516555647975523
1019,-0.08235908264166858
1020,-0.07582607063975233
1021,0.05637719251774436
1022,0.003223863225360114
1023,0.10810719863011187
1024,0.02599968264350623
1025,0.04105581398475024
1026,0.07521061966306496
1027,0.05457321869918494
1028,0.003051833971474042
1029,-0.08668183593343644
1030,-0.029260166387123563
1031,0.059331409322111076
1032,-0.03309589268670311
1033,-0.052045104569432954
1034,0.07396952397597745
1035,-0.12854869001225447
1036,-0.09876974154965658
1037,-0.021725817212674883
1038,0.07522013166840381
1039,0.015152212618698533
1040,0.03513616888013995
1041,-0.013298077567246418
1042,-0.03753328212818101
1043,0.014842064630436403
1044,-0.03334839937680463
1045,-0.028682289619785337
1046,0.052861639059917975
1047,-0.1016505213161639
1048,-0.01551413140842506
1049,-0.03525442895346952
1050,0.047977904679008435
1051,-0.04754143207015889
1052,0.025005403810155813
1053,0.0993003073537649
1054,0.1105522714804551
1055,0.09632156412068431
1056,-0.09300678922267602
1057,0.03811937320378572
1058,-0.1371811099536534
1059,0.10786004738107478
1060,-0.1432966217375049
1061,0.007179328074492884
1062,0.09167133514590232
1063,-0.08811113738397305
1064,0.04658065639693289
1065,-0.07195849148215805
1066,0.08767400058929131
1067,-0.03331869164153399
1068,0.08765045378080084
1069,-0.006245591314499985
1070,-0.041254290878618136
1071,0.03450108618339161
1072,-0.11625908649493792
1073,0.07712193394446307
1074,-0.04398897499041652
1075,0.026398806952518478
1076,-0.035927811971349206
1077,0.0003445534934031242
1078,0.01462985850442332
1079,0.007709606311806689
1080,-0.07460835025900679
1081,0.03764553420674323
1082,0.019503161651129135
1083,-0.019745090538319878
1084,-0.05103983676700867
1085,-0.025563842731583915
1086,0.08392770954190426
1087,-0.046602654833081625
1088,0.022845398882592242
1089,0.04200295278100694
1090,-0.04693400976610225
1091,0.1478692811330756
1092,-0.07754394618858013
1093,-0.07350547582321487
1094,-0.10819504788817494
1095,0.09835835354343452
1096,-0.0063859648726008935
1097,0.08198154671595609
1098,0.00971735299058329
1099,0.10756155716224503
1100,-0.06383512056807557
1101,-0.004522849277234571
1102,-0.01694354840166737
1103,0.002150858233968123
1104,0.08989761407908349
1105,-0.018389360894493646
1106,-0.08206104741500597
1107,-0.04716414162120237
1108,-0.011728132292365714
1109,-0.042451085900027136
1110,0.03985466607784854
1111,0.00971746632158313
1112,0.043384203480280506
1113,0.08421878902037838
1114,-0.00945211480020817
1115,0.11011454620109827
1116,-0.1294088363520172
1117,-0.025154757598533375
1118,0.10360927019622881
1119,0.09267359137970826
1120,-0.06103539306024425
1121,-0.028900179754952897
1122,-0.03772238486914676
1123,0.0052107463557304595
1124,-0.11610680138495091
1125,0.013316098046595531
1126,-0.03656234389429898
1127,0.06529001366052037
1128,-0.08029022374140447
1129,0.02197562396698974
1130,0.07864197556320354
1131,-0.05635218907383987
1132,0.02062130957755511
1133,0.005183108565913456
1134,-0.08958273120850935
1135,-0.08422278398180645
1136,0.017653949290516616
1137,-0.0611287131825841
1138,0.0029249286090396397
1139,-0.012943696199895332
1140,0.05626081597754991
1141,-0.01903102766833181
1142,-0.09767774378228254
1143,-0.04245965873312093
1144,-0.030043153522923666
1145,0.04929336290449144
1146,0.01283109005826253
1147,-0.00724219654430256
1148,0.00013005692866592717
1149,-0.008210761964005374
1150,-0.023061080718009455
1151,0.08446848765319769
1152,-0.09439019314572333
1153,0.005327178694352057
1154,-0.02137387758696169
1155,0.02748880432419933
1156,-0.09503659847332355
1157,0.020728680886148147
1158,-0.010855137210401876
1159,-0.08078613670674337
1160,-0.08541324295913583
1161,-0.10223954850983265
1162,-0.020580065637625412
1163,-0.05498961458321294
1164,0.09983533497276081
1165,0.02980953486942931
1166,-0.030259195603325167
1167,0.025315852487997795
1168,0.08624619148012974
1169,-0.02104967001481545
1170,-0.08294499235641767
1171,0.031061783044166492
1172,-0.16979640674600724
1173,0.0036775888202316767
1174,-0.048975755505375806
1175,-0.06326410617369882
1176,0.04237821377363767
1177,0.015044417220297852
1178,-0.0436937488780245
1179,0.020719816741818404
1180,-0.0813254441628583
1181,0.04011446392129088
1182,-0.023958611599101693
1183,0.005576730111687814
1184,0.06531375726707635
1185,0.07020300884242477
1186,-0.06608476794699486
1187,0.0031301054995630296
1188,-0.03367766920868906
1189,0.031046105952652964
1190,-0.04517743850356022
1191,-0.024745230577081143
1192,0.03239446754683087
1193,0.03412012387678521
1194,0.030854318919137196
1195,0.0011948354102399468
1196,0.08639347125340179
1197,0.04343401975570495
1198,-0.004667282641437962
1199,0.01538563233932766
1200,0.09143316990082702
1201,0.036941405871436274
1202,-0.01792160917233423
1203,0.049908927360740145
1204,0.09864273790628297
1205,-0.037124896214238576
1206,-0.09621511895827474
1207,0.05346440067247798
1208,0.0012440557401435174
1209,0.0839636913769556
1210,0.05080666502066529
1211,0.08740782081634264
1212,0.13184113254662286
1213,0.08322668063267243
1214,-0.03303016232427425
1215,0.05569191147873742
1216,-0.02359639120638024
1217,0.04325828571440299
1218,0.049188202023078276
1219,-0.013285410544723236
1220,0.07496531731060312
1221,-0.007409496827721766
1222,-0.15559249392273197
1223,0.034808196793267764
1224,-0.07010727482102119
1225,-0.1431755726781654
1226,-0.0014467892658904674
1227,-0.027666121415860816
1228,0.01829047214475939
1229,0.05857273976597338
1230,-0.09400582071210677
1231,-0.024068562235879054
1232,-0.010618323344279635
1233,-0.07850142915240856
1234,0.06604002420014468
1235,0.12996584700289
1236,-0.17237577374232424
1237,0.008391603013815405
1238,0.009029145413959985
1239,-0.06792264330980724
1240,-0.06253683880807959
1241,-0.01388597484063159
1242,0.13462720188787528
1243,-0.07341922882261598
1244,-0.01588642792360334
1245,-0.046958251752736345
1246,-0.012288160801036977
1247,-0.02360845103224833
1248,-0.07701199549650317
1249,0.10758183196850733
1250,-0.03856944327322387
1251,0.11425922824574099
1252,0.06523175714352654
1253,0.04199432287135556
1254,-0.000995019362595396
1255,-0.01613381448818862
1256,0.09662827587712405
1257,-0.07622021118007084
1258,-0.06767742649108838
1259,-0.022313417815726714
1260,0.036024441691786695
1261,-0.018050498476609396
1262,0.00575429756730936
1263,-0.033974699948156835
1264,0.06480544505778273
1265,0.015286233752522064
1266,-0.14824361923464344
1267,0.06793200544613724
1268,-0.05354098298637719
1269,-0.14582344957858107
1270,0.051396698584934945
1271,0.03492731425403301
1272,-0.0628684889634049
1273,-0.0037579700375213803
1274,0.03278050640947459
1275,-0.07679017114886964
1276,0.04799747584133717
1277,-0.1281753760976101
1278,0.04637711463958617
1279,0.015628206312406353
1280,0.06713503508558705
1281,-0.07452713450125673
1282,-0.009908747292472665
1283,0.005313644676835516
1284,0.015882393029207156
1285,0.03719555528150531
1286,-0.06121243276623241
1287,0.08738709395589529
1288,0.07567408008603549
1289,-0.005243485549915006
1290,0.14128015528851176
1291,-0.011735252010104929
1292,-0.022916720069640968
1293,0.017860826654510574
1294,0.0047040926733887736
1295,0.026436256778916627
1296,-0.03410517349464266
1297,-0.0470472088044898
1298,0.05001945940106376
1299,-0.01684975712843957
1300,0.001998998455126321
1301,0.014700137253810917
1302,-0.021993409424440852
1303,-0.0876356111764912
1304,0.004344976352002146
1305,-0.013877690895780982
1306,0.12120847293606517
1307,0.010964059569048825
1308,-0.0004831326524788775
1309,-0.039926366792930545
1310,-0.0012661915380289622
1311,0.08127176530735321
1312,0.031009924298942018
1313,0.05987293972287826
1314,0.009900373279175598
1315,-0.0854568145163784
1316,-0.0367824488911445
1317,0.012254248170113833
1318,-0.030908267346666837
1319,0.015711501968175456
1320,-0.05411799306243588
1321,0.0969314904699556
1322,0.03396395260868898
1323,-0.10005958147403081
1324,-0.06601557578317861
1325,0.06792153606030278
1326,0.018979228343849127
1327,0.033516873179783434
1328,0.008622684463829678
1329,-0.07041860205693919
1330,0.08662697170687923
1331,-0.10253287002596298
1332,0.11707290463440986
1333,0.023042454220445915
1334,0.0462145555718505
1335,0.028040226339002113
1336,-0.01737706711152343
1337,-0.01563670978626241
1338,-0.07330835567399695
1339,0.03967625495788253
1340,-0.004115998641617355
1341,0.04058242225927868
1342,-0.0065179881583284005
1343,-0.010514581349744685
1344,0.045065406384478514
1345,0.04923971724780216
1346,0.0203364948651813
1347,-0.02998715808173908
1348,0.02774277004400394
1349,0.03612814432498255
1350,-0.006063115074077099
1351,-0.04151973049888967
1352,0.08456863189052699
1353,0.15890747224770801
1354,-0.06878308398054447
1355,-0.05210049987611198
1356,-0.18284327658657887
1357,-0.0753478477055564
1358,0.02600379465274678
1359,-0.06874853197130265
1360,-0.198839593839676
1361,0.03565522077642821
1362,-0.013562959854939764
1363,-0.14238048312256765
1364,0.04854601104233247
1365,0.0031780821913646585
1366,0.059997036587840225
1367,-0.026838857990887872
1368,0.011692335695949572
1369,0.12108932439601698
1370,0.03875775248662812
1371,-0.10134373490231445
1372,0.11276645357018708
1373,0.00682532697778536
1374,-0.030063179125995106
1375,0.013122117329103926
1376,-0.12204628866760477
1377,0.09572192981426408
1378,-0.01474800298084619
1379,0.10594703076850442
1380,-0.05099592459851862
1381,0.019587406962995966
1382,0.019478490116300644
1383,-0.07709700114656996
1384,-0.07662814475779013
1385,-0.08085647741203716
1386,-0.08451610562285408
1387,0.008081025015979194
1388,-0.07078448361341752
1389,0.11956370100646321
1390,0.07750323849313283
1391,-0.0194091925214399
1392,-0.1064973950511839
1393,0.07341472912366624
1394,0.026615039499971016
1395,-0.003908290990151046
1396,0.13826783174420354
1397,0.047007392530344014
1398,-0.08730160431939173
1399,-0.04041217702431991
1400,-0.04660945877157431
1401,0.07358671920741501
1402,0.011594679096621093
1403,-0.030712617728410073
1404,0.02252037038574197
1405,-0.009301052298163146
1406,-0.0016595471215554807
1407,0.02438280701719034
1408,0.0593937685607117
1409,-0.11868492616481117
1410,0.08932789932256238
1411,-0.0009585480904191958
1412,0.036418830457652276
1413,-0.015019365006247095
1414,-0.012402065396467803
1415,0.04416696621126133
1416,0.0038324829080752113
1417,-0.058363329927643794
1418,-0.17598754140735984
1419,0.031572857841405504
1420,-0.028275286384932916
1421,0.042856070193560365
1422,-0.02438145638289565
1423,0.09683390204616911
1424,0.004930184252942777
1425,-0.019122609686123393
1426,-0.0593651491440941
1427,-0.06485474906793426
1428,0.10026672598659216
1429,-0.07471084748131203
1430,-0.011577244164146008
1431,0.036828178284941386
1432,0.07456653271820345
1433,-0.031321248230998674
1434,-0.10837042615605001
1435,-0.10785123583734361
1436,0.025861412000660482
1437,0.05223568301265403
1438,0.0036880099712826983
1439,0.07739008125933546
1440,-0.10161888996412112
1441,-0.04871564063002732
1442,-0.01937505894422523
1443,-0.018353157185873173
1444,-0.02279466699671801
1445,0.020042693497949918
1446,-0.032337007776978
1447,-0.012341481710521986
1448,0.05282192809997345
1449,-0.15390939593332534
1450,0.026703805663150202
1451,0.010757629032387264
1452,-0.09060452679334233
1453,0.0011687206063777705
1454,-0.05204404767836278
1455,-0.024599594486147097
1456,-0.004570586896699312
1457,0.040265740746594975
1458,0.03506650373421664
1459,0.026251699180656587
1460,0.04538768790094126
1461,0.011879183604544617
1462,0.032083311873439754
1463,0.04230161995911026
1464,-0.03970874997441288
1465,-0.10136906293085902
1466,-0.019341590660745128
1467,-0.04515845349207685
1468,-0.07973195327524407
1469,-0.016022867708149865
1470,-0.019222894050902575
1471,0.0382583557302834
1472,0.024622679855379605
1473,0.09208159120705044
1474,0.02569706605641138
1475,0.09336957361444549
1476,0.07021091368291768
1477,0.049252019747848055
1478,0.0013509087679285897
1479,-0.0826838814617839
1480,-0.0032088434231372755
1481,0.03575328232130841
1482,0.03726856107587617
1483,-0.08985597011455558
1484,-0.07017952089369767
1485,0.04162773305671274
1486,0.045927521956920084
1487,-0.04261214952237957
1488,-0.06120204199396661
1489,0.11951467764330523
1490,0.04239790468866036
1491,0.13177112024385307
1492,-0.11196204585648357
1493,-0.018612975270561362
1494,-0.1019428660625837
1495,-0.015698906352145728
1496,0.011478465095916249
1497,0.010862963128399416
1498,-0.028969824413660816
1499,-0.002400962156054047
1500,0.07218416316189073
1501,-0.09107026611123588
1502,-0.007325352937021069
1503,0.0662235694618036
1504,-0.17769622366492058
1505,0.007403726252100355
1506,-0.09118127986475677
1507,-0.10925760445888323
1508,-0.046893884247652645
1509,-0.017933422978111235
1510,-0.05781155327464646
1511,0.09362019327636496
1512,0.0392385099839763
1513,0.05265025235311751
1514,-0.06884910782917775
1515,0.08637470243149058
1516,-0.10327715152238386
1517,0.013180670657945728
1518,-0.03172002377762565
1519,0.04764998343830152
1520,-0.02286123651937327
1521,0.03303524184060512
1522,-0.030486896632013528
1523,-0.042618891655195404
1524,0.005463747090284015
1525,-0.029062193769344033
1526,-0.004959454430590563
1527,0.05294983815440754
1528,-0.025608557765495015
1529,0.08965360497172187
1530,0.08173461182536725
1531,0.036028923565698236
1532,0.04784619571880206
1533,-0.051824629466184505
1534,-0.05471322240688633
1535,0.03582152851587773
1536,0.08656755984101046
1537,-0.07850814826462747
1538,0.005306712542007312
1539,0.03985343592289874
1540,-0.13140282798960803
1541,0.04648249413893472
1542,0.000526407527933146
1543,0.008248963779679087
1544,-0.046812628557815046
1545,0.0773953123021849
1546,0.04220604049220351
1547,-0.003447452126682324
1548,0.10508574421628526
1549,0.07775552590147446
1550,-0.00764000406345614
1551,0.0022489587427138007
1552,-0.034960855252418876
1553,0.05429295714865189
1554,-0.07670340155436188
1555,0.09264933308812687
1556,0.017042957292649392
1557,-0.0009898905299750298
1558,0.06427011746262015
1559,0.0023484802473952263
1560,-0.07797650556618746
1561,0.01180923876889199
1562,-0.010364283679107881
1563,-0.058365850880286084
1564,-0.02727079172813132
1565,0.02499895447724892
1566,-0.10987734816217037
1567,0.025278548288964683
1568,0.009976538957826197
1569,0.02741525805809082
1570,-0.061525894082658496
1571,0.0559894720034512
1572,0.05926422062180806
1573,0.0022993769718676216
1574,0.023097945899563353
1575,0.06768485085478666
1576,0.031810938752384624
1577,0.002345475928938101
1578,-0.0462625786321683
1579,0.041789205014084764
1580,-0.05644618323384155
1581,0.05079410987448754
1582,-0.023204339199990508
1583,-0.07514613168841325
1584,-0.008133593382936549
1585,0.05212674833727959
1586,-0.009695648877658126
1587,0.06082708517997081
1588,-0.0062434347001260404
1589,0.05647671016908682
1590,0.10750181132649929
1591,-0.03264559857054114
1592,0.09676860112640398
1593,-0.06327837193300366
1594,0.05613510680674608
1595,-0.11524679139102989
1596,0.04058154520830665
1597,-0.045145578504237685
1598,0.023227705889661925
1599,0.08804529179679588
1600,0.014395041302167838
1601,-0.014883935793610772
1602,-0.01665923297143175
1603,0.046242070473139094
1604,0.1137383161457267
1605,0.05216455077294934
1606,0.019364022737237092
1607,-0.0022859896024179055
1608,0.045339996491114136
1609,-0.07775766967853244
1610,-0.020149313023385927
1611,-0.04492851636852382
1612,-0.04806360349645736
1613,-0.016695663162539474
1614,-0.0024731646761453783
1615,-0.02844121728555213
1616,0.04787560785957197
1617,0.019759451757408123
1618,-0.012675165799328487
1619,0.05481025788109606
1620,-0.010551250740039262
1621,-0.025064421091067237
1622,-0.05878355048120772
1623,0.08038891373713566
1624,-0.009320826394583414
1625,-0.0059479789929803885
1626,0.039320507886484675
1627,0.07101426550134143
1628,0.09746007462296725
1629,0.036771193293321125
1630,0.08968546341354972
1631,0.14720063257087576
1632,0.02025960765511228
1633,-0.02989485985608504
1634,0.01975453410939162
1635,0.060149701461529176
1636,0.021610432619759815
1637,-0.05056036957984513
1638,0.0011403444250785136
1639,-0.02429767507499462
1640,-0.11510692517449674
1641,0.0998093804069143
1642,0.05824218633016287
1643,0.06553637661024998
1644,-5.2508726514637194e-05
1645,-0.11372212604094227
1646,-0.025428587734610063
1647,0.06482114471863458
1648,0.03982771696996526
1649,-0.06441444162134838
1650,0.015178055499865978
1651,-0.05476242311850486
1652,0.1111227154296789
1653,0.009275200329185622
1654,-0.18250735345958874
1655,0.005826331740359369
1656,-0.0636407791694508
1657,0.018630526946452473
1658,0.005197373620867528
1659,-0.010534967681055494
1660,-0.09735476631745138
1661,0.015895783601388495
1662,-0.07917288345814837
1663,0.017046354409598608
1664,-0.04178788654701229
1665,-0.08646775249838685
1666,0.1322471308959277
1667,0.029245117670352348
1668,0.030489381456075295
1669,0.05288450166638086
1670,-0.012255622153906374
1671,0.12086939399371491
1672,-0.04171133440743922
1673,-0.01740569248495477
1674,0.027211799616457772
1675,-0.004074595379325277
1676,-0.14682720431831237
1677,-0.05633762575472258
1678,0.012287302090560935
1679,-0.026014410530717756
1680,0.025472326665572052
1681,-0.11570919326077414
1682,-0.05505486894221126
1683,0.0010864044634475909
1684,0.02439630254147899
1685,0.06642944398958289
1686,0.031798628844921885
1687,-0.051427587298561825
1688,0.0924205518529309
1689,0.04238061018400099
1690,0.027615514733167656
1691,0.008171165315051212
1692,0.08664369518754594
1693,-0.052376099922727924
1694,-0.01058305793868805
1695,-0.05909042053251311
1696,0.05594676000149335
1697,0.017809135555243584
1698,-0.0892274401924639
1699,-0.04315450785218147
1700,-0.0206966355585595
1701,-0.014551526447071476
1702,0.11575924247953236
1703,-0.017675586956486092
1704,-0.0034963875721970173
1705,0.06159856431346834
1706,-0.07691283451683413
1707,0.009167078274842965
1708,-0.01935594929435845
1709,-0.07541538831332492
1710,0.06597787871273897
1711,-0.011437680913418624
1712,0.029215498202919757
1713,-0.01761476371528015
1714,-0.04836950534762059
1715,0.009096593986836389
1716,-0.11095249619591822
1717,0.14913784438416677
1718,-0.06028750732382069
1719,-0.0419566084963656
1720,-0.0034532862580539487
1721,0.004478221010485266
1722,-0.15127939750779346
1723,0.10662149838868243
1724,0.14070281588206615
1725,-0.03482206364349853
1726,0.03365326920207228
1727,0.05745026757635744
1728,0.0024972073425301227
1729,-0.08188429930534362
1730,-0.0010481102659911736
1731,0.043368070811665764
1732,0.0030015105709918816
1733,-0.15786765485278575
1734,0.05546450471778593
1735,-0.13801281011871966
1736,0.04103971801122403
1737,-0.15912232836655493
1738,-0.11290874907200699
1739,0.07113953719015358
1740,-0.012699437133078388
1741,0.07818822466374914
1742,-0.1281412881490765
1743,-0.019246319440908002
1744,0.012995462103081029
1745,-0.04562795305113402
1746,-0.042096280868230286
1747,-0.02832470982464957
1748,-0.03918583633655435
1749,0.09684157005873584
1750,0.05595575344892191
1751,0.013934610754200258
1752,-0.02260466325636187
1753,0.08331453715304092
1754,-0.07464423964610804
1755,0.03552760707680218
1756,-0.015323693666661836
1757,0.09104915959996948
1758,0.015890139477192613
1759,0.04241862047987599
1760,0.03337659447546448
1761,0.0639098492534679
1762,0.05972563136344422
1763,0.0902660886624034
1764,0.01603711831002615
1765,0.02371855610230015
1766,-0.1002136128635802
1767,0.10746466306982146
1768,0.07162058110663432
1769,-0.011658991015247111
1770,-0.028633039520431336
1771,-0.00991485336845216
1772,0.08723151564011053
1773,-0.06430192494856571
1774,0.06933818087839237
1775,0.044039672816141594
1776,0.0003200114448109027
1777,-0.067105420704232
1778,-0.015524845905551032
1779,0.0059270562483421845
1780,-0.06380130496406948
1781,-0.012412177662794845
1782,0.01597856786592643
1783,0.07079108221482154
1784,0.039133665833132256
1785,0.021651722111473586
1786,0.05650331162190155
1787,-0.09535203231280137
1788,0.08778210588326547
1789,-0.14008122017686342
1790,0.11078525417370048
1791,0.004184678650038454
1792,-0.06908454479461573
1793,0.036009185981287634
1794,0.02290150758401965
1795,0.0008761339981611454
1796,0.006621437360525995
1797,0.08423950830157756
1798,0.055806869059367326
1799,-0.03480069564245488
1800,0.010831732082470368
1801,-0.012264086885889114
1802,-0.07352695662078365
1803,0.0026154651319786563
1804,-0.10760851667178915
1805,-0.10092750460683697
1806,-0.043049859279859
1807,-0.10193437275843033
1808,-0.07521693451780684
1809,-0.043913408802372836
1810,-0.029461153341526426
1811,-0.031141130574923497
1812,0.10674966774763811
1813,0.05851058970125767
1814,0.030834683122955852
1815,0.02403703977697123
1816,-0.007956305459648412
1817,-0.05260309762814325
1818,0.1298415194810924
1819,-0.00999894416180758
1820,-0.014951282544158711
1821,-0.021475530068037027
1822,0.08038843455596123
1823,-0.028187771139523123
1824,-0.03068899631015529
1825,-0.0020902567965812857
1826,-0.0014894463682487294
1827,-0.01571382659256684
1828,0.014940592594320125
1829,-0.015832131155362597
1830,0.07224516704835827
1831,-0.027014742630526896
1832,0.018742010332369496
1833,0.029531695894188595
1834,0.1409133460561145
1835,-0.07626093083385313
1836,0.06619725485550072
1837,0.00556379054243736
1838,0.020902761010742957
1839,-0.003895015542498694
1840,-0.14447803394936498
1841,-0.06058238505874005
1842,-0.08594790682935864
1843,0.07331268911022921
1844,-0.038820810425297406
1845,-0.04959045725377114
1846,0.013640636124369715
1847,0.1622694216342069
1848,-0.0784979443944121
1849,0.008409129828941075
1850,-0.04155164245324742
1851,-0.08551718807472035
1852,0.13395086352654736
1853,-0.08516773783296562
1854,0.10648978016212188
1855,-0.01802500877712734
1856,-0.08304434255776783
1857,0.06126290658924146
1858,0.11954467214644893
1859,-0.03135247264782683
1860,-0.06396884844643118
1861,0.148229157545073
1862,-0.06228223618241738
1863,-0.10927473492961795
1864,0.035221464564991964
1865,0.08470428678184712
1866,-0.019623177052937726
1867,-0.01347094092218346
1868,-0.10237701993017266
1869,-0.03849591138965645
1870,0.014239332706329625
1871,-0.020352749810729195
1872,-0.10937310313594158
1873,0.0847050571601874
1874,-0.04392635106629623
1875,-0.03494503689651484
1876,-0.05695186196533182
1877,-0.03331939621832429
1878,0.00810771429751289
1879,-0.10007205844726286
1880,0.06852431174631458
1881,0.004989494291552149
1882,-0.002668585484566526
1883,-0.005367838760944933
1884,0.15466488299312148
1885,0.0353049433336298
1886,-0.054971197588740646
1887,-0.11693090042577743
1888,0.009011619918117726
1889,0.05713210865747238
1890,-0.07291875143143965
1891,-0.06083024050766081
1892,0.05471302389420505
1893,0.12623816281313327
1894,0.05010224952861079
1895,0.04156885079275959
1896,-0.06714186539278591
1897,0.06241741825021073
1898,0.008837743255023263
1899,-0.000576452499981041
1900,0.04729238467829922
1901,-0.05282046883842175
1902,-0.07070746615927724
1903,0.047406469782764575
1904,-0.0780076821759637
1905,-0.0782957795522018
1906,-0.0207916958251178
1907,0.051611307655153954
1908,0.0338758324957875
1909,0.09883253404454007
1910,0.04329399201028691
1911,0.001866378176278928
1912,-0.007449370958023188
1913,0.04849772509412691
1914,0.030985743692104505
1915,0.009697155474742
1916,-0.03373001274794429
1917,-0.00915293168666048
1918,-0.03789599470689087
1919,0.021659631185038587
1920,0.030027380485170105
1921,0.03932764810448214
1922,-0.035598865336810046
1923,0.04651700241229975
1924,0.09033973952149367
1925,-0.058493291492570744
1926,0.03085364294841149
1927,-0.000149758277183117
1928,-0.10182893573775759
1929,-0.02842107499660983
1930,0.012818453541750943
1931,0.043297967446118996
1932,-0.061585262447392784
1933,0.031037852080584582
1934,0.1108368661159894
1935,-0.16948861946218902
1936,0.04251820686185219
1937,-0.010782793237141517
1938,-0.06457263141531956
1939,0.0005280955816254539
1940,-0.14349647460693143
1941,-0.020610301102874932
1942,-0.005333409909173735
1943,0.044427080781871874
1944,0.09547195882708182
1945,-0.04932582922977918
1946,0.042233210509192626
1947,-0.059433164607734276
1948,0.0327168693000663
1949,-0.043475607656888966
1950,0.06420232424393607
1951,0.0587587898650213
1952,-0.07164939623832163
1953,0.02666525938317687
1954,-0.08253343914873576
1955,0.0008552662006069346
1956,0.08920954027123262
1957,-0.0335438591654692
1958,0.10969968057619339
1959,0.10576178318486654
1960,-0.09110446540637697
1961,0.018979685525430945
1962,-0.020220600566482925
1963,-0.02736973942475303
1964,0.05558908980230689
1965,0.05471946686212288
1966,-0.09535049985119318
1967,0.04797630989808789
1968,-0.102322596796712
1969,-0.016810316185658265
1970,0.01570086645390377
1971,-0.036062599122484544
1972,-0.08237760390317861
1973,0.04300483827895048
1974,-0.011465252402938452
1975,0.007830339326864229
1976,0.005544361581104132
1977,0.015369365268073459
1978,-0.08012451149010669
1979,-0.02322903342741729
1980,0.024516530850951276
1981,-0.07277877397391283
1982,-0.0727683098173158
1983,-0.029377720297359695
1984,-0.035172197848815825
1985,0.03249170257074112
1986,-0.04028744501842659
1987,-0.10955991556682161
1988,0.04031778097392637
1989,-0.005143314370485025
1990,0.03394825396600852
1991,0.07669204405721006
1992,0.034858619577813686
1993,0.03803080016854441
1994,0.021410472506642575
1995,-0.012798692690388273
1996,-0.03148200689378598
1997,0.09377679688394842
1998,0.0219071865799368
1999,0.019574333302768972
2000,0.08726257873507953
2001,-0.07296122961198225
2002,-0.0005613901575626098
2003,0.0004795177155741018
2004,0.04381017999493272
2005,0.015827997908677446
2006,-0.006472240761065255
2007,0.08722688933025492
2008,-0.07658713062081934
2009,0.01937041436532461
2010,-0.04903744812591052
2011,-0.0231208346041388
2012,0.06523477984896817
2013,-0.11538202901260836
2014,0.023029317592189992
2015,0.011995599289357917
2016,-0.06891741737010522
2017,-0.0037093011231057412
2018,0.08171236629316529
2019,0.023163270847882677
2020,0.010245037156594354
2021,0.0492393235873769
2022,0.09795189012355833
2023,0.06646529289748704
2024,0.022000990500159027
2025,-0.030789172304945277
2026,-0.005217139119068433
2027,0.032256969898258735
2028,0.1101069061159171
2029,-0.04555214784698474
2030,0.015068327111404255
2031,0.015575997565857251
2032,-5.740575954769652e-06
2033,-0.03251497487751139
2034,0.029230557723738983
2035,0.0508264601505928
2036,-0.009491741052350462
2037,0.005856585654415646
2038,-0.06956805363672108
2039,-0.008241598301966397
2040,-0.07006483122709273
2041,0.048577945717342905
2042,0.024270936254635764
2043,0.05036129660757575
2044,0.13481494055246013
2045,-0.025080350760920748
2046,-0.09417077072142115
2047,-0.03363443793371515
2048,-0.03152184293804937
2049,0.1425277418323729
2050,-0.018962155935210813
2051,0.05295422458833675
2052,-0.011363580260472395
2053,0.09976396450137705
2054,-0.007788976559361828
2055,-0.030594197120347798
2056,-0.010446737957227769
2057,-0.03058806322134391
2058,-0.010416166750618776
2059,-0.0389869120060322
2060,0.06566081633466025
2061,0.12065955427766369
2062,-0.018389005474407923
2063,0.07797582443638873
2064,0.050876923699426264
2065,-0.10556830706220689
2066,-0.062375113619603365
2067,-0.06709483523606655
2068,0.018748350354341543
2069,-0.013181491041720133
2070,0.1322876255337475
2071,-0.041687166712351585
2072,-0.09746457026317847
2073,-0.0012057307154064944
2074,-0.12670072261813367
2075,-0.04562581888940829
2076,-0.06489366354785005
2077,0.03381176445382367
2078,-0.04555740408545874
2079,-0.02749970249151233
2080,0.045312089344372954
2081,0.07451658451596596
2082,-0.014412579336223448
2083,-0.049156315133388175
2084,0.11566548339786199
2085,-0.03432735661810277
2086,0.008579514884069857
2087,0.05162023740337335
2088,-0.0266334209278042
2089,0.012188150826801941
2090,-0.023645178577886748
2091,-0.08124156447862806
2092,-0.06800931207354914
2093,0.008673226413258482
2094,0.036022387634324436
2095,0.05746104549128794
2096,0.010755095465751279
2097,0.04021218361901119
2098,-0.016981191008831786
2099,0.03274065411888513
2100,0.009808295760426182
2101,0.14417161125684377
2102,0.0453369166255266
2103,0.02088818141112378
2104,0.004860017095387725
2105,0.01830055255860633
2106,-0.1564771043568864
2107,0.03419751244113487
2108,-0.0058991475117777395
2109,0.01428509491503151
2110,0.06553828043129419
2111,-0.05039544424362244
2112,0.009981040853242668
2113,0.15347523100552765
2114,0.08240612574461234
2115,-0.03364058237123752
2116,-0.030489040280805724
2117,-0.14822010949940148
2118,0.026827046256189542
2119,-0.010825766168033601
2120,0.02153704943421038
2121,-0.07249971354088272
2122,0.01320755977301141
2123,-0.024485660037281084
2124,0.004498017149525807
2125,0.08706502396911463
2126,-0.009295860892376235
2127,-0.10267018746331139
2128,-0.08527849317709563
2129,-0.003558764684303198
2130,0.02721713174751807
2131,-0.10981861624977268
2132,0.048861538609355104
2133,-0.0535953407055934
2134,-0.11824439167611978
2135,-0.07937914201038568
2136,-0.12924828841381253
2137,-0.08002191031738429
2138,0.09620966231677318
2139,0.11212745375946241
2140,0.04782174630380269
2141,-0.006097994778700888
2142,0.0840724274687055
2143,0.002113580543280485
2144,0.0365020337646428
2145,0.025221437320824
2146,-0.08283009957733367
2147,0.05129342513117867
2148,-0.14583322668433446
2149,-0.007547543440037307
2150,0.019888434067356964
2151,0.11868890309352759
2152,0.02715247134560767
2153,0.02451103114189052
2154,0.10798417685446282
2155,0.036223875143340634
2156,0.061551176882605196
2157,0.027520420512850426
2158,0.026679721660708033
2159,0.018218134903782043
2160,-0.025885282252496096
2161,-0.004200522337173717
2162,-0.0019671426165426896
2163,0.02668772672899381
2164,-0.05560142938730793
2165,0.00033754854149252276
2166,-0.03366794201154548
2167,-0.02647527540814368
2168,-0.03609245326222355
2169,-0.060480553018791496
2170,0.12354316441403682
2171,-0.06109461152447082
2172,0.06031499017438266
2173,-0.017261834766040655
2174,-0.01022929080565322
2175,0.05028448759169272
2176,-0.013176778511446153
2177,-0.05954900795273124
2178,-0.02844943029327385
2179,-0.04690666600852953
2180,-0.13615032823945666
2181,-0.04198343244513758
2182,-0.13332438448855546
2183,-0.05638644550457636
2184,0.08481109411151229
2185,-0.017796417977139736
2186,-0.07531489398445039
2187,0.03465940133608902
2188,0.0691544985062498
2189,-0.040520999575792555
2190,-0.09835001008180734
2191,0.0650678825209279
2192,-0.01106056238804264
2193,-0.007568399106430313
2194,-0.06985233197651211
2195,0.027507217547275267
2196,-0.024023982513195073
2197,-0.057278206632055274
2198,0.0877129554968793
2199,0.07892539272479025
2200,0.034603263940209066
2201,-0.0486880322339572
2202,0.005520178220294061
2203,-0.04851442654031359
2204,0.11022665096757357
2205,-0.13661263500614745
2206,-0.09333426219574018
2207,0.1587166244601388
2208,0.016131933460343157
2209,0.009452976936300336
2210,-0.03133693283992328
2211,0.04588036150241557
2212,-0.03017306062688036
2213,-0.04721424941199767
2214,-0.025655348360166388
2215,0.08786382832013229
2216,-0.08375220697471328
2217,-0.02042567271883702
2218,0.009114525642182462
2219,-0.01858831245664851
2220,0.05500209504354262
2221,-0.025503797898073038
2222,0.095825096533319
2223,-0.017656097478628754
2224,-0.03146604010549922
2225,-0.040880226885854486
2226,0.014823093557088714
2227,0.015752215908616495
2228,-0.027239571811132384
2229,0.1519391281205519
2230,-0.00778184951279412
2231,-0.06950159187257231
2232,0.05779223512315895
2233,-0.06007155993521103
2234,0.07389822587627042
2235,-0.08613413675174708
2236,0.052276558602020816
2237,-0.03739527442292309
2238,-0.019966148797662224
2239,0.08833818636590625
2240,0.03082587537833228
2241,-0.1340837068250605
2242,0.1084320279753504
2243,0.040421925209339495
2244,0.016534277495014685
2245,0.10535299211505705
2246,0.007996644283718244
2247,0.08923608992445341
2248,0.015219169327565068
2249,-0.026860737338488733
2250,-0.03680567166086135
2251,0.0007902638191490591
2252,0.041701713567289925
2253,-0.020789640593430598
2254,0.06558009453895246
2255,-0.09777876150195171
2256,-0.05066545018618256
2257,-0.06730488589642901
2258,-0.04587221425195313
2259,-0.04004387483537076
2260,0.017984666307051964
2261,0.022633252416476526
2262,-0.08577118155510706
2263,0.12933190441121686
2264,0.03616099094903415
2265,-0.027416708689375013
2266,-0.010377541125900544
2267,-0.10986705054793461
2268,-0.006786151394533299
2269,-0.020963393086464676
2270,-0.029211332840245664
2271,-0.006276001135689595
2272,0.0425131234290034
2273,0.005835904915771824
2274,-0.028861696079350425
2275,-0.17559171434779386
2276,-0.0546243933342875
2277,0.0030004318005930567
2278,-0.017061941617464275
2279,0.09744928132158054
2280,-0.10390749885207363
2281,-0.011497736605854013
2282,0.006024753312092201
2283,0.028333481489094505
2284,-0.022493403201160295
2285,0.0634779727942898
2286,0.05068506534607144
2287,-0.08115462979149778
2288,0.055583021743552403
2289,0.07262699758475774
2290,0.0394500935408331
2291,-0.07696289759074917
2292,-0.008340912269201306
2293,0.026018162303362333
2294,0.040058832081001874
2295,-0.06741191516278106
2296,0.12834442187263556
2297,0.02135821370291002
2298,-0.035230134389541
2299,-0.04538547452424097
2300,-0.022055085162794554
2301,0.020362126310622647
2302,0.08406117064377487
2303,0.09117191876810635
2304,0.0010369505200864652
2305,0.09897289560436595
2306,0.02046142558133961
2307,-0.019514267648208312
2308,-0.025556087649343657
2309,0.027621356053764846
2310,0.028382055852812435
2311,0.016336861607487888
2312,0.06776522480415874
2313,0.008719912635088298
2314,0.1075490691205285
2315,-0.036691839203201106
2316,0.04637178568315644
2317,0.05485881762967167
2318,-0.05801926010495061
2319,-0.025552077114447454
2320,0.17931948246300294
2321,0.08427384509158732
2322,-0.08281154114988062
2323,0.007315872417458535
2324,0.08604217845624065
2325,0.1046760094093464
2326,-0.024198724654363096
2327,0.08784309221881427
2328,0.09198848373498149
2329,0.06995835534926416
2330,0.08870479579580917
2331,-0.03280213354276528
2332,-0.032860954564035275
2333,-0.15153010647814175
2334,0.1313401195608162
2335,0.025316771483240928
2336,-0.05734307227262804
2337,-0.050585459281810484
2338,-0.07990980058398778
2339,0.03594212442985833
2340,0.029613221606847342
2341,0.015478416424263808
2342,-0.03571955768925984
2343,-0.05594171015764025
2344,-0.03809195450112029
2345,-0.025893964064276048
2346,-0.0032943635847663944
2347,-0.07780747561893883
2348,0.005720632864040054
2349,-0.009924313082721905
2350,0.04256114030394418
2351,0.011683255701225758
2352,0.008411466003894728
2353,0.0674780967981896
2354,-0.09093644596005597
2355,0.015185775195427182
2356,-0.011402632736139949
2357,0.06534017133390815
2358,0.012844499431805455
2359,0.007749422073556748
2360,0.05546047246886235
2361,-0.009447898817641184
2362,0.030889581569105956
2363,0.0051144534818686515
2364,0.10580960760747812
2365,0.0260730637175641
2366,-0.01634405558999764
2367,0.002388825886280331
2368,-0.030459081232503453
2369,0.059668800186363474
2370,-0.08249826733608423
2371,-0.12666228303687066
2372,0.010283405560109425
2373,-0.01664265073204617
2374,-0.001193046603874373
2375,-0.12969012056711376
2376,0.005725991840650785
2377,-0.06098958044927646
2378,-0.08750341807980673
2379,0.04148147469962437
2380,-0.02984376058609303
2381,-0.0018187207683798869
2382,-0.037095577045516095
2383,0.08020015100072046
2384,-0.02969062335760643
2385,-0.14632035175195562
2386,0.009159882160113965
2387,0.07314840961285446
2388,-0.024863246873479378
2389,0.00588465322134671
2390,-0.03743374976272062
2391,-0.019063170999415492
2392,0.034430939165667224
2393,0.042529835080047144
2394,0.08742229459230758
2395,0.050287117110266184
2396,-0.05387783589454914
2397,0.008045017046607145
2398,0.012668713112691903
2399,0.007911645187138031
2400,0.1118826184901984
2401,0.06672831594308384
2402,0.04924466974086406
2403,-0.09895531366543377
2404,-0.010035882144333357
2405,-0.003694401165046963
2406,-0.08943273546616134
2407,-0.0543909233942551
2408,0.1938487558439045
2409,0.0007421210421057244
2410,0.2089336063115374
2411,0.07628310227761942
2412,-0.08053898666217366
2413,-0.037392521214300124
2414,0.02168835483818298
2415,0.022660141690428508
2416,0.00869740758140875
2417,0.06504774460306606
2418,-0.02871741604487924
2419,0.043389633486535684
2420,0.008293754174907065
2421,0.037141909364259
2422,-0.001986734122456104
2423,0.0647013518502653
2424,-0.05779771783590255
2425,-0.029360627524636
2426,0.08246576653522598
2427,0.03960769000794915
2428,-0.037729750812673275
2429,-0.08525703785284135
2430,0.03217617565377882
2431,-0.021143045402627063
2432,-0.04591656871426242
2433,-0.05091120508275928
2434,-0.019694507786260237
2435,-0.05873523440904108
2436,0.005578467695788182
2437,-0.09620000159074499
2438,-0.017910247926008684
2439,-0.018204453367184726
2440,0.04919533555233111
2441,-0.02490642066832577
2442,0.04299832171460228
2443,0.024724822846174863
2444,0.02187283916087802
2445,-0.056067901489583905
2446,-0.012229902364436714
2447,-0.06149870645328571
2448,0.10022099828380054
2449,-0.07934755586044584
2450,-0.01183611489428713
2451,-0.03094035035355506
2452,-0.03539673903704594
2453,0.12745947615853717
2454,0.04336635211963651
2455,-0.013274423737471315
2456,0.06325161565589835
2457,0.07088622051994738
2458,0.01119095091131729
2459,-0.06721971147559068
2460,0.031045501049759002
2461,0.14930280374340194
2462,0.08987806785498259
2463,-0.06435203980509656
2464,-0.1399118996149462
2465,0.046558734835272696
2466,0.016199892023947258
2467,0.04000155637450784
2468,0.1086593572703369
2469,-0.025760937817913374
2470,-0.09199920015042397
2471,-0.04113452086405822
2472,0.034952279973355926
2473,0.003206425615353692
2474,-0.1242116405072678
2475,-0.11923170483951467
2476,-0.010038564570303336
2477,0.0369276075392883
2478,-0.0031964919223504973
2479,-0.017984714857215162
2480,-0.027385633464507418
2481,-0.0010536593434852044
2482,0.004933677842758704
2483,0.011174830944235346
2484,-0.09115862128725337
2485,0.022895748344008773
2486,-0.005599006678358568
2487,-0.006460846188372506
2488,0.02267262188980914
2489,0.030463751341600502
2490,-0.13498430547743262
2491,0.0806619513511695
2492,0.00055813734186161
2493,0.01197963014574025
2494,-0.08569257623437351
2495,0.06787331793271535
2496,-0.006911244253051663
2497,-0.0028687857398326105
2498,-0.07284731535135128
2499,0.0823582328202186
2500,0.008677389804166859
2501,-0.0003445671017456376
2502,0.037197261401084716
2503,0.019722863846666945
2504,0.0019999888902566087
2505,-0.005778966521926866
2506,-0.019226576190856295
2507,-0.007632692097612208
2508,-0.004667393181437583
2509,0.00869112927005888
